"","species_removed","mean_total_deficit","sd_total_deficit","n","s.e.","bean"
"1",0,-6.45842865020749,0,100,0,"bean"
"2",1,-6.6172600506246,0.445235933145858,100,0.0445235933145858,"bean"
"3",2,-6.87845239102392,0.67340023530482,100,0.067340023530482,"bean"
"4",3,-7.2447530096176,0.86838450790868,100,0.086838450790868,"bean"
"5",4,-8.11899407336178,1.17355795355771,100,0.117355795355771,"bean"
"6",5,-10.1506823132332,1.67424510396979,100,0.167424510396979,"bean"
